Workbook

Sheet Hướng dẫn
A1: KẾ HOẠCH HOÀN THÀNH ĐỒ ÁN — 21/09 đến 31/10/2026
A2: Temporal-Aware KG RAG cho pháp luật Việt Nam · CMT (Cao Minh Trí) và NMT (Nguyễn Minh Trí)
A4: MỤC TIÊU
A5: Hoàn thành phần chạy được của đồ án trong 6 tuần: đồ thị phiên bản trong Neo4j, bộ dữ liệu ViLexTime 1.150 câu, 7 đường cơ sở, hệ thống đề xuất L4–L5, và ablation. Viết bài báo và khóa luận nằm sau 31/10.
A7: ĐIỀU KIỆN KẾ HOẠCH NÀY GIẢ ĐỊNH
A8: 1. Đề cương gốc chạy tới 01/02/2027. Kế hoạch này nén 4 tháng cuối vào 6 tuần, nên mọi việc đều ở mức tối thiểu chấp nhận được, không có thời gian dự phòng.
A9: 2. Hai người làm song song gần như toàn thời gian. Một tuần mất vì thi cử hoặc việc khác là mất một mốc.
A10: 3. Docker lên được trên laptop 16GB trong tuần 1. Không có nó thì toàn bộ nhánh Neo4j đứng, và M2 trượt kéo theo tất cả.
A11: 4. Embedding 1,14 triệu nút chạy được trong tuần 3–4. Đây là rủi ro lịch lớn nhất, xem sheet Rủi ro dòng R1.
A13: NHỮNG VIỆC ĐÃ CẮT KHỎI PHẠM VI 31/10
A14: Giao diện minh họa (P6.7) · Phân tích lỗi miền giao thông (P7.2) · Dẫn chiếu chéo có nhận biết thời gian (P3.19) · Chuyển resolver sang Neo4j (P3.6) · LLM cho ca L2 khó (P3.12) · Viết bài báo (Giai đoạn 8) · Viết khóa luận và bảo vệ (Giai đoạn 9)
A15: Bốn việc đầu là mở rộng, cắt được. Hai việc cuối BẮT BUỘC phải làm, chỉ là nằm sau 31/10.
... A25: Đã đo được: chuỗi phiên bản đúng hướng 84% khi đối chiếu văn bản hợp nhất chính thức (284/337 nút), khớp chính xác 70/76. Chưa qua kiểm tay.

Sheet Tổng quan
A1: TỔNG QUAN TIẾN ĐỘ
A2: Tự cập nhật theo cột Trạng thái của sheet Kế hoạch. Không sửa tay sheet này.
A4: TRẠNG THÁI CHUNG | D4: THEO TUẦN
A5: Tổng số việc | B5: =COUNTA('Kế hoạch'!$K$3:$K$56) -> 54 | D5: Tuần | E5: Số việc | F5: Xong | G5: Còn lại
A6: Xong | B6: =COUNTIF('Kế hoạch'!$K$3:$K$56,"Xong") -> 0 | D6: T1 · 21–27/09 | E6: =COUNTIF('Kế hoạch'!$B$3:$B$56,1) -> 11 | F6: =COUNTIFS('Kế hoạch'!$B$3:$B$56,1,'Kế hoạch'!$K$3:$K$56,"Xong") -> 0 | G6: =E6-F6 -> 11
A7: Đang làm | B7: =COUNTIF('Kế hoạch'!$K$3:$K$56,"Đang làm") -> 0 | D7: T2 · 28/09–04/10 | E7: =COUNTIF('Kế hoạch'!$B$3:$B$56,2) -> 9 | F7: =COUNTIFS('Kế hoạch'!$B$3:$B$56,2,'Kế hoạch'!$K$3:$K$56,"Xong") -> 0 | G7: =E7-F7 -> 9
A8: Chưa bắt đầu | B8: =COUNTIF('Kế hoạch'!$K$3:$K$56,"Chưa bắt đầu") -> 54 | D8: T3 · 05–11/10 | E8: =COUNTIF('Kế hoạch'!$B$3:$B$56,3) -> 9 | F8: =COUNTIFS('Kế hoạch'!$B$3:$B$56,3,'Kế hoạch'!$K$3:$K$56,"Xong") -> 0 | G8: =E8-F8 -> 9
A9: Bị chặn | B9: =COUNTIF('Kế hoạch'!$K$3:$K$56,"Bị chặn") -> 0 | D9: T4 · 12–18/10 | E9: =COUNTIF('Kế hoạch'!$B$3:$B$56,4) -> 9 | F9: =COUNTIFS('Kế hoạch'!$B$3:$B$56,4,'Kế hoạch'!$K$3:$K$56,"Xong") -> 0 | G9: =E9-F9 -> 9
A10: Tỷ lệ hoàn thành | B10: =IFERROR(B6/B5,0) -> 0 | D10: T5 · 19–25/10 | E10: =COUNTIF('Kế hoạch'!$B$3:$B$56,5) -> 8 | F10: =COUNTIFS('Kế hoạch'!$B$3:$B$56,5,'Kế hoạch'!$K$3:$K$56,"Xong") -> 0 | G10: =E10-F10 -> 8
D11: T6 · 26–31/10 | E11: =COUNTIF('Kế hoạch'!$B$3:$B$56,6) -> 8 | F11: =COUNTIFS('Kế hoạch'!$B$3:$B$56,6,'Kế hoạch'!$K$3:$K$56,"Xong") -> 0 | G11: =E11-F11 -> 8
A12: MỐC KIỂM TRA
A13: M2 · 12/10 | B13: Chuỗi phiên bản thật trong Neo4j; snapshot đúng trên 100 truy vấn tay | D13: THEO NGƯỜI
A14: M3 · 18/10 | B14: ViLexTime đủ câu; Cohen κ ≥ 0,6 trên 300 câu; dev/test chia xong | D14: Phụ trách | E14: Số việc | F14: Xong | G14: Còn lại
A15: M4 · 29/10 | B15: Điểm quyết định B7 — phép thử của giả thuyết H2 | D15: CMT | E15: =COUNTIF('Kế hoạch'!$F$3:$F$56,"CMT") -> 27 | F15: =COUNTIFS('Kế hoạch'!$F$3:$F$56,"CMT",'Kế hoạch'!$K$3:$K$56,"Xong") -> 0 | G15: =E15-F15 -> 27
A16: M6' · 31/10 | B16: Đủ kết quả A1–A7 phân rã theo T1–T6; bàn giao sang giai đoạn viết | D16: NMT | E16: =COUNTIF('Kế hoạch'!$F$3:$F$56,"NMT") -> 18 | F16: =COUNTIFS('Kế hoạch'!$F$3:$F$56,"NMT",'Kế hoạch'!$K$3:$K$56,"Xong") -> 0 | G16: =E16-F16 -> 18
D17: CMT+NMT | E17: =COUNTIF('Kế hoạch'!$F$3:$F$56,"CMT+NMT") -> 9 | F17: =COUNTIFS('Kế hoạch'!$F$3:$F$56,"CMT+NMT",'Kế hoạch'!$K$3:$K$56,"Xong") -> 0 | G17: =E17-F17 -> 9

Sheet Kế hoạch
A1: KẾ HOẠCH CHI TIẾT 21/09 – 31/10/2026 · chỉ sửa cột nền vàng: Trạng thái, Ngày thực tế xong, Ghi chú
A2: ID | B2: Tuần | C2: Nhóm việc | D2: Công việc | E2: Bằng chứng xong (điều kiện nghiệm thu) | F2: Phụ trách | G2: Phụ thuộc | H2: Bắt đầu | I2: Kết thúc | J2: Số ngày | K2: Trạng thái | L2: Ngày thực tế xong | M2: Ưu tiên | N2: Ghi chú
A3: W1-01 | B3: 1 | C3: GĐ3 Hạ tầng | D3: Cài Docker Engine + Compose v2 trên laptop 16GB | E3: docker compose version chạy được | F3: CMT | G3: — | H3: 46286 | I3: 46287 | J3: =I3-H3+1 -> 2 | K3: Chưa bắt đầu | M3: Chặn
A4: W1-02 | B4: 1 | C4: GĐ3 Hạ tầng | D4: docker compose up -d, đợi 4 dịch vụ healthy, chạy verify_graph_stack.py | E4: 4 dịch vụ healthy; cả hai [PASS]; số RAM baseline ghi vào plan hạ tầng (P3.1, P3.2) | F4: CMT | G4: W1-01 | H4: 46287 | I4: 46288 | J4: =I4-H4+1 -> 2 | K4: Chưa bắt đầu | M4: Chặn
A5: W1-03 | B5: 1 | C5: Điều phối | D5: Gửi cố vấn luật: 95 ca hồi tố T5 + lịch duyệt 150 câu T5/T6 | E5: Có người nhận và lịch làm việc cụ thể | F5: CMT | G5: — | H5: 46286 | I5: 46287 | J5: =I5-H5+1 -> 2 | K5: Chưa bắt đầu | M5: Chặn
A6: W1-04 | B6: 1 | C6: GĐ4 Dữ liệu | D6: Kiểm tay 150 dòng vilextime_sample.tsv (30 mỗi nhóm) | E6: Cột correct điền đủ 150 dòng; tỷ lệ dùng được từng nhóm | F6: CMT | G6: — | H6: 46287 | I6: 46290 | J6: =I6-H6+1 -> 4 | K6: Chưa bắt đầu | M6: Cao
A7: W1-05 | B7: 1 | C7: GĐ1 Đề cương | D7: Sửa mâu thuẫn đề cương §12: T6/T7, phạm vi κ, số mục tiêu, lỗi chính tả (P1.2) | E7: Không còn mục nào ở §12 của master plan | F7: CMT+NMT | G7: — | H7: 46286 | I7: 46289 | J7: =I7-H7+1 -> 4 | K7: Chưa bắt đầu | M7: Cao
A8: W1-06 | B8: 1 | C8: GĐ1 Đề cương | D8: Thống nhất giả thuyết H1–H4 và ký hiệu công thức (P1.5) | E8: H1–H4 vào đề cương hoặc bị loại có ghi lý do | F8: NMT | G8: W1-05 | H8: 46289 | I8: 46291 | J8: =I8-H8+1 -> 3 | K8: Chưa bắt đầu | M8: Cao
A9: W1-07 | B9: 1 | C9: GĐ4 Chất lượng | D9: Đưa mini-E1 thành scripts/check/ chính thức làm cổng nghiệm thu L2 | E9: Script chạy được; in tỷ lệ đúng hướng trên 380 nút đối chiếu | F9: CMT | G9: — | H9: 46286 | I9: 46288 | J9: =I9-H9+1 -> 3 | K9: Chưa bắt đầu | M9: Cao
A10: W1-08 | B10: 1 | C10: GĐ4 Chất lượng | D10: Soi 53 ca chuỗi phiên bản sai hướng, tìm lớp lỗi chung | E10: Bảng phân loại lỗi; ít nhất 1 lớp lỗi sửa được xác định | F10: CMT | G10: W1-07 | H10: 46288 | I10: 46290 | J10: =I10-H10+1 -> 3 | K10: Chưa bắt đầu | M10: TB
A11: W1-09 | B11: 1 | C11: GĐ4 Nhãn | D11: Viết hướng dẫn gán nhãn T1–T6: định nghĩa vận hành, tiêu chí loại, ví dụ (P4.1 A2) | E11: docs/vilextime-annotation.md; hai người hiểu giống nhau trên 20 ví dụ thử | F11: NMT | G11: W1-05 | H11: 46287 | I11: 46291 | J11: =I11-H11+1 -> 5 | K11: Chưa bắt đầu | M11: Cao
A12: W1-10 | B12: 1 | C12: GĐ3 Neo4j | D12: Schema Neo4j: ràng buộc unique id, cạnh CONTAINS/VERSION_OF/CAUSED_BY (D1) | E12: File schema chạy lại được không lỗi | F12: CMT | G12: W1-02 | H12: 46289 | I12: 46291 | J12: =I12-H12+1 -> 3 | K12: Chưa bắt đầu | M12: Cao
A13: W1-11 | B13: 1 | C13: GĐ3 L2 | D13: B1: tách câu hai thao tác (Bãi bỏ Điều 6 VÀ sửa đổi Điều 15) | E13: Test cho 2 lỗi của mẫu 20260923; E1 không tụt | F13: CMT | G13: W1-07 | H13: 46290 | I13: 46292 | J13: =I13-H13+1 -> 3 | K13: Chưa bắt đầu | M13: TB
A14: W2-01 | B14: 2 | C14: GĐ3 Neo4j | D14: Loader load_neo4j.py: nạp Document, Provision, CONTAINS, Version theo lô (P3.4) | E14: Chạy 2 lần số nút không đổi; số nút khớp data/ | F14: CMT | G14: W1-10 | H14: 46293 | I14: 46296 | J14: =I14-H14+1 -> 4 | K14: Chưa bắt đầu | M14: Chặn
... A56: W6-08 | B56: 6 | C56: MỐC | D56: M6' — kết thúc phần chạy được của đồ án | E56: Đủ kết quả A1–A7 phân rã theo T1–T6; bàn giao cho giai đoạn viết | F56: CMT+NMT | G56: W6-07 | H56: 46326 | I56: 46326 | J56: =I56-H56+1 -> 1 | K56: Chưa bắt đầu | M56: Chặn

Sheet Quyết định
A1: QUYẾT ĐỊNH CÒN CHỜ — mỗi dòng đang chặn một việc trong sheet Kế hoạch
A3: Mã | B3: Câu hỏi | C3: Đề xuất | D3: Ai quyết | E3: Hạn | F3: Chặn việc | G3: Trạng thái
A4: GĐ4-Q4 | B4: T3 chỉ có 331 ứng viên cho 200 câu, dồn trong 124 văn bản | C4: Sinh T3 sau khi làm xong B2/B3; tới tuần 4 vẫn dưới 300 thì hạ T3 xuống 150 và chuyển 50 câu sang T2 | D4: CMT | E4: 46300 | F4: W3-05 | G4: Chờ
A5: GĐ3-Q5 | B5: Ngưỡng đạt của kiểm chứng snapshot 100 truy vấn (P3.18) | C5: ≥ 95/100, giống ngưỡng đã dùng cho backfill T5 | D5: CMT+NMT | E5: 46298 | F5: W3-02 | G5: Chờ
A6: GĐ4-Q5 | B6: Model sinh câu hỏi khi P5.1 chưa chốt | C6: Dùng model nào sẵn có; nhãn vàng không phụ thuộc model, chỉ cần ghi tên và tham số vào từng dòng | D6: CMT+NMT | E6: 46293 | F6: W2-05 | G6: Chờ
A7: P3.12 | B7: Có dùng LLM cho ~12.000 ca L2 regex không đọc nổi không | C7: Hoãn tới sau 31/10; nếu dùng thì LLM chỉ sinh ứng viên, pipeline xác định vẫn là cổng | D7: CMT+NMT | E7: 46307 | F7: — | G7: Đề xuất hoãn
A8: P5.3 | B8: Embedding 1,14 triệu nút: chạy full corpus hay thu hẹp | C8: Đo tốc độ trước ở W2-07. Nếu quá 5 ngày thì chỉ embedding nút thuộc 2.949 văn bản của ViLexTime cộng miền giao thông | D8: CMT | E8: 46295 | F8: W3-08 | G8: Chờ

Sheet Rủi ro
A1: SỔ RỦI RO — xếp theo mức đe dọa tới hạn 31/10
A3: Mã | B3: Rủi ro | C3: Ảnh hưởng nếu xảy ra | D3: Dấu hiệu sớm | E3: Cách giảm thiểu | F3: Mức | G3: Theo dõi
A4: R1 | B4: Embedding 1,14 triệu nút trên CPU mất nhiều ngày | C4: Trượt toàn bộ nhánh baseline B3, B4 và hệ thống L4 — mất tuần 5 và 6 | D4: Đo ở W2-07: nếu dưới 300 nút/giây thì full corpus mất hơn 4 ngày | E4: Đo sớm; tìm GPU; hoặc thu hẹp còn nút thuộc 2.949 VB của ViLexTime; chạy nền có checkpoint | F4: RẤT CAO | G4: CMT
A5: R2 | B5: Nén 4 tháng của đề cương vào 6 tuần | C5: Một việc trượt là kéo cả chuỗi, vì kế hoạch không có ngày dự phòng nào | D5: Hết tuần 2 mà chưa nạp được Neo4j | E5: Tuần 4 rà lại: nếu trượt thì cắt tiếp B6, A7, tác tử suy luận mốc; giữ bằng được M2, M3, M4 | F5: RẤT CAO | G5: CMT+NMT
A6: R3 | B6: Docker không lên được trên laptop 16GB | C6: Chặn P3.4, P3.5, toàn bộ M2, và mọi baseline dùng đồ thị | D6: Hết 23/09 chưa có 4 dịch vụ healthy | E6: Làm ngay ngày đầu; nếu thiếu RAM thì tắt Milvus khi nạp đồ thị, hạ heap Neo4j theo runbook | F6: CAO | G6: CMT
A7: R4 | B7: Cohen κ < 0,6 ở kiểm chéo 300 câu | C7: Phải viết lại hướng dẫn gán nhãn và kiểm lại — mất trọn một tuần, M3 trượt | D7: Hai người lệch nhau trên 20 ví dụ thử ở W1-09 | E7: Viết hướng dẫn kỹ ở tuần 1; thử 20 ví dụ trước khi gán thật; thống nhất trước khi làm 300 câu | F7: CAO | G7: CMT+NMT
A8: R5 | B8: T3 chỉ dư 1,7 lần (331 ứng viên cho 200 câu), dồn trong 124 văn bản | C8: Nhóm đo lợi ích của đồ thị bị mỏng, kết quả kém thuyết phục | D8: Sau B2/B3 mà T3 vẫn dưới 300 | E8: Quyết định GĐ4-Q4: hạ T3 xuống 150 và chuyển 50 câu sang T2 | F8: TRUNG BÌNH | G8: NMT
A9: R6 | B9: Precision L2 tụt sau khi thêm B1, B2, B3 | C9: Nhãn vàng sai lan vào ViLexTime; vòng 4 của L2 đã từng bị đúng chuyện này | D9: Script E1 báo tỷ lệ đúng hướng tụt dưới 84% | E9: W1-07 dựng E1 thành cổng tự động; mỗi thay đổi L2 đo lại trước khi nhận, tụt thì trả lại | F9: TRUNG BÌNH | G9: CMT
A10: R7 | B10: Cố vấn luật không phản hồi kịp | C10: T5 không chốt được số câu; 150 câu T5/T6 không có người duyệt chuyên môn | D10: Hết tuần 2 chưa có lịch làm việc | E10: Liên hệ ngay ngày 21/09; nếu tới 10/10 chưa có thì hạ quota T5 và ghi rõ lý do trong khóa luận | F10: TRUNG BÌNH | G10: CMT
A11: R8 | B11: Kiểm chứng độc lập bị chặn trần ở 106 cặp văn bản hợp nhất | C11: Không mở rộng được bằng chứng khách quan; phải ghi thành giới hạn của nghiên cứu | D11: Đã xác định: 294/309 văn bản hợp nhất còn lại chỉ có bản PDF | E11: Chấp nhận và ghi vào chương đánh giá; bù bằng kiểm tay 100 truy vấn của P3.18 | F11: THẤP | G11: CMT
